image_urls,name,price,shop
https://s.ek.ua/jpg/2200661.jpg,HP LaserJet M110W,4399,Protsyk.net
https://s.ek.ua/jpg/1376497.jpg,Brother HL-L2312D,5790,Megadom.biz
https://s.ek.ua/jpg/2200661.jpg,HP LaserJet M110W,4150,Megadom.biz
https://s.ek.ua/jpg/2200661.jpg,HP LaserJet M110W,4167,Tehnopostavka.com.ua
https://s.ek.ua/jpg/2200661.jpg,HP LaserJet M110W,4579,Smartmag.biz.ua
https://s.ek.ua/jpg/2200661.jpg,HP LaserJet M110W,3999,Luxmedia.com.ua
https://s.ek.ua/jpg/2200661.jpg,HP LaserJet M110W,5190,Openshop.ua
https://s.ek.ua/jpg/2200661.jpg,HP LaserJet M110W,9138,Denika.ua
https://s.ek.ua/jpg/493299.jpg,Canon i-SENSYS LBP6030B,9199,Moyo.ua
https://s.ek.ua/jpg/493299.jpg,Canon i-SENSYS LBP6030B,9199,Kvshop.com.ua
https://s.ek.ua/jpg/493299.jpg,Canon i-SENSYS LBP6030B,7999,Dendi.ua
https://s.ek.ua/jpg/1376497.jpg,Brother HL-L2312D,5046,Timesport.com.ua
https://s.ek.ua/jpg/1376497.jpg,Brother HL-L2312D,5092,Avic.ua
https://s.ek.ua/jpg/1376497.jpg,Brother HL-L2312D,8008,Ebox24.biz
https://s.ek.ua/jpg/1376497.jpg,Brother HL-L2312D,5046,Denika.ua
https://s.ek.ua/jpg/1376497.jpg,Brother HL-L2312D,5040,Optgo.com.ua
https://s.ek.ua/jpg/1376497.jpg,Brother HL-L2312D,5043,Tomdom.prom.ua
https://s.ek.ua/jpg/1922990.jpg,Canon imagePROGRAF PRO-300,42587,A-techno.com.ua
https://s.ek.ua/jpg/493299.jpg,Canon i-SENSYS LBP6030B,9438,FOXTROT.UA
https://s.ek.ua/jpg/493299.jpg,Canon i-SENSYS LBP6030B,6999,A-techno.com.ua
https://s.ek.ua/jpg/1922990.jpg,Canon imagePROGRAF PRO-300,44218,Tviy-Dim.com
https://s.ek.ua/jpg/1922990.jpg,Canon imagePROGRAF PRO-300,45999,Aligator.com.ua
https://s.ek.ua/jpg/1922990.jpg,Canon imagePROGRAF PRO-300,37287,Click24.in.ua
https://s.ek.ua/jpg/493299.jpg,Canon i-SENSYS LBP6030B,6049,Protsyk.net
https://s.ek.ua/jpg/493299.jpg,Canon i-SENSYS LBP6030B,6863,Stylus.ua
https://s.ek.ua/jpg/2147579.jpg,Epson L1250,6849,Kvshop.com.ua
https://s.ek.ua/jpg/2147579.jpg,Epson L1250,7736,Inksystem.ua
https://s.ek.ua/jpg/1922990.jpg,Canon imagePROGRAF PRO-300,37287,click24.biz
https://s.ek.ua/jpg/1922990.jpg,Canon imagePROGRAF PRO-300,44301,Denika.ua
https://s.ek.ua/jpg/1922990.jpg,Canon imagePROGRAF PRO-300,44661,Tomdom.prom.ua
https://s.ek.ua/jpg/397241.jpg,Canon PIXMA iP8740,23299,Moyo.ua
https://s.ek.ua/jpg/2147579.jpg,Epson L1250,7736,Lucky-print.com.ua
https://s.ek.ua/jpg/2147579.jpg,Epson L1250,6795,Stylus.ua
https://s.ek.ua/jpg/2147579.jpg,Epson L1250,6745,Цифра
https://s.ek.ua/jpg/2147579.jpg,Epson L1250,6999,Megadom.biz
https://s.ek.ua/jpg/2147579.jpg,Epson L1250,6849,Ktc.ua
https://s.ek.ua/jpg/2199465.jpg,Canon PIXMA TS305,2903,Denika.ua
https://s.ek.ua/jpg/2199465.jpg,Canon PIXMA TS305,2903,Redprice.prom.ua
https://s.ek.ua/jpg/414326.jpg,Epson L1800,34599,Moyo.ua
https://s.ek.ua/jpg/414326.jpg,Epson L1800,34599,Kvshop.com.ua
https://s.ek.ua/jpg/414326.jpg,Epson L1800,38892,Inksystem.ua
https://s.ek.ua/jpg/414326.jpg,Epson L1800,34595,A-techno.com.ua
https://s.ek.ua/jpg/414326.jpg,Epson L1800,34147,Stylus.ua
https://s.ek.ua/jpg/414326.jpg,Epson L1800,34147,Цифра
https://s.ek.ua/jpg/397241.jpg,Canon PIXMA iP8740,24004,Kvshop.com.ua
https://s.ek.ua/jpg/397241.jpg,Canon PIXMA iP8740,24004,FOXTROT.UA
https://s.ek.ua/jpg/397241.jpg,Canon PIXMA iP8740,22792,A-techno.com.ua
https://s.ek.ua/jpg/2199465.jpg,Canon PIXMA TS305,2909,Timesport.com.ua
https://s.ek.ua/jpg/414326.jpg,Epson L1800,34599,TTT.ua
https://s.ek.ua/jpg/615216.jpg,Epson L132,7165,Moyo.ua
https://s.ek.ua/jpg/397241.jpg,Canon PIXMA iP8740,23769,Palladium.ua
https://s.ek.ua/jpg/397241.jpg,Canon PIXMA iP8740,23029,Stylus.ua
https://s.ek.ua/jpg/397241.jpg,Canon PIXMA iP8740,22835,Цифра
https://s.ek.ua/jpg/1627596.jpg,Canon PIXMA G5040,12468,Stylus.ua
https://s.ek.ua/jpg/1627596.jpg,Canon PIXMA G5040,12468,Цифра
https://s.ek.ua/jpg/2199465.jpg,Canon PIXMA TS305,2906,Tomdom.prom.ua
https://s.ek.ua/jpg/499133.jpg,Xerox Phaser 3020,5624,Moyo.ua
https://s.ek.ua/jpg/615216.jpg,Epson L132,7165,Kvshop.com.ua
https://s.ek.ua/jpg/615216.jpg,Epson L132,8555,Inksystem.ua
https://s.ek.ua/jpg/615216.jpg,Epson L132,7635,Lucky-print.com.ua
https://s.ek.ua/jpg/615216.jpg,Epson L132,6315,Цифра
https://s.ek.ua/jpg/615216.jpg,Epson L132,6412,Stylus.ua
https://s.ek.ua/jpg/1627596.jpg,Canon PIXMA G5040,10800,Megadom.biz
https://s.ek.ua/jpg/1627596.jpg,Canon PIXMA G5040,11085,Ktc.ua
https://s.ek.ua/jpg/1627596.jpg,Canon PIXMA G5040,12534,АЛЛО
https://s.ek.ua/jpg/499133.jpg,Xerox Phaser 3020,5808,Kvshop.com.ua
https://s.ek.ua/jpg/499133.jpg,Xerox Phaser 3020,5624,FOXTROT.UA
https://s.ek.ua/jpg/615216.jpg,Epson L132,7165,TTT.ua
https://s.ek.ua/jpg/1202698.jpg,HP Sprocket,12110,click24.biz
https://s.ek.ua/jpg/1202698.jpg,HP Sprocket,6708,Click24.in.ua
https://s.ek.ua/jpg/1202698.jpg,HP Sprocket,6046,Tomdom.prom.ua
https://s.ek.ua/jpg/1627596.jpg,Canon PIXMA G5040,12350,Tviy-Dim.com
https://s.ek.ua/jpg/1627596.jpg,Canon PIXMA G5040,11202,Tehnopostavka.com.ua
https://s.ek.ua/jpg/499133.jpg,Xerox Phaser 3020,5328,A-techno.com.ua
https://s.ek.ua/jpg/499133.jpg,Xerox Phaser 3020,4399,Protsyk.net
https://s.ek.ua/jpg/499133.jpg,Xerox Phaser 3020,6161,Palladium.ua
https://s.ek.ua/jpg/499133.jpg,Xerox Phaser 3020,5052,Stylus.ua
https://s.ek.ua/jpg/2048986.jpg,Canon PIXMA G540,11999,Moyo.ua
https://s.ek.ua/jpg/1202698.jpg,HP Sprocket,6776,Ebox24.biz
https://s.ek.ua/jpg/1202698.jpg,HP Sprocket,6273,Click24.in.ua
https://s.ek.ua/jpg/1202698.jpg,HP Sprocket,12110,Click24.in.ua
https://s.ek.ua/jpg/964813.jpg,Xerox Phaser 3330,7949,Protsyk.net
https://s.ek.ua/jpg/2048986.jpg,Canon PIXMA G540,12673,Kvshop.com.ua
https://s.ek.ua/jpg/2048986.jpg,Canon PIXMA G540,11999,FOXTROT.UA
https://s.ek.ua/jpg/2048986.jpg,Canon PIXMA G540,11999,A-techno.com.ua
https://s.ek.ua/jpg/1202698.jpg,HP Sprocket,6621,Click24.in.ua
https://s.ek.ua/jpg/1510410.jpg,Epson M1100,7735,Kvshop.com.ua
https://s.ek.ua/jpg/1510410.jpg,Epson M1100,7735,FOXTROT.UA
https://s.ek.ua/jpg/1510410.jpg,Epson M1100,7735,A-techno.com.ua
https://s.ek.ua/jpg/964813.jpg,Xerox Phaser 3330,9049,Tehnopostavka.com.ua
https://s.ek.ua/jpg/964813.jpg,Xerox Phaser 3330,25564,Ebox24.biz
https://s.ek.ua/jpg/1510412.jpg,Epson M1120,8525,Moyo.ua
https://s.ek.ua/jpg/2048986.jpg,Canon PIXMA G540,11340,Stylus.ua
https://s.ek.ua/jpg/2048986.jpg,Canon PIXMA G540,11151,Цифра
https://s.ek.ua/jpg/2048986.jpg,Canon PIXMA G540,11999,Repka.ua
https://s.ek.ua/jpg/314936.jpg,Brother HL-1110R,5199,Megadom.biz
https://s.ek.ua/jpg/314936.jpg,Brother HL-1110R,4839,Denika.ua
https://s.ek.ua/jpg/1510410.jpg,Epson M1100,7594,Stylus.ua
https://s.ek.ua/jpg/1510410.jpg,Epson M1100,7594,Цифра
https://s.ek.ua/jpg/1510412.jpg,Epson M1120,8525,Kvshop.com.ua
https://s.ek.ua/jpg/1510412.jpg,Epson M1120,8525,FOXTROT.UA
https://s.ek.ua/jpg/314936.jpg,Brother HL-1110R,4799,Lawyer
https://s.ek.ua/jpg/314936.jpg,Brother HL-1110R,5194,Redprice.prom.ua
https://s.ek.ua/jpg/314936.jpg,Brother HL-1110R,4695,Tv-mir.com.ua
https://s.ek.ua/jpg/314936.jpg,Brother HL-1110R,4903,Optsklad.com
https://s.ek.ua/jpg/314936.jpg,Brother HL-1110R,5150,Megadom.biz
https://s.ek.ua/jpg/1804824.jpg,Xiaomi Mi Pocket Photo Printer,2649,Зубные-щетки.укр
https://s.ek.ua/jpg/1510410.jpg,Epson M1100,7735,TTT.ua
https://s.ek.ua/jpg/1510412.jpg,Epson M1120,8624,Inksystem.ua
https://s.ek.ua/jpg/1510412.jpg,Epson M1120,8024,A-techno.com.ua
https://s.ek.ua/jpg/1804824.jpg,Xiaomi Mi Pocket Photo Printer,2748,Denika.ua
https://s.ek.ua/jpg/1804824.jpg,Xiaomi Mi Pocket Photo Printer,2650,Saren.com.ua
https://s.ek.ua/jpg/1804824.jpg,Xiaomi Mi Pocket Photo Printer,2656,Timesport.com.ua
https://s.ek.ua/jpg/1804824.jpg,Xiaomi Mi Pocket Photo Printer,2650,Redprice.prom.ua
https://s.ek.ua/jpg/1510410.jpg,Epson M1100,7735,Ktc.ua
https://s.ek.ua/jpg/1694585.jpg,Canon i-SENSYS LBP223DW,9999,Megadom.biz
https://s.ek.ua/jpg/1510412.jpg,Epson M1120,8064,Stylus.ua
https://s.ek.ua/jpg/1510412.jpg,Epson M1120,7967,Цифра
https://s.ek.ua/jpg/1618219.jpg,HP Laser 107W,8881,Stylus.ua
https://s.ek.ua/jpg/1804824.jpg,Xiaomi Mi Pocket Photo Printer,2653,Tomdom.prom.ua
https://s.ek.ua/jpg/2375105.jpg,Canon i-SENSYS LBP631CW,10319,Ktc.ua
https://s.ek.ua/jpg/1694585.jpg,Canon i-SENSYS LBP223DW,12415,Click24.in.ua
https://s.ek.ua/jpg/1694585.jpg,Canon i-SENSYS LBP223DW,10208,Luckylink.kiev.ua
https://s.ek.ua/jpg/1694585.jpg,Canon i-SENSYS LBP223DW,9900,Texnoswit.com.ua
https://s.ek.ua/jpg/1694585.jpg,Canon i-SENSYS LBP223DW,11674,Timesport.com.ua
https://s.ek.ua/jpg/1618219.jpg,HP Laser 107W,8684,Цифра
https://s.ek.ua/jpg/1618219.jpg,HP Laser 107W,7099,Megadom.biz
https://s.ek.ua/jpg/1618219.jpg,HP Laser 107W,8229,Ktc.ua
https://s.ek.ua/jpg/1618219.jpg,HP Laser 107W,8591,АЛЛО
https://s.ek.ua/jpg/2375105.jpg,Canon i-SENSYS LBP631CW,10319,АЛЛО
https://s.ek.ua/jpg/1694585.jpg,Canon i-SENSYS LBP223DW,9895,Cthp.net.ua
https://s.ek.ua/jpg/1694585.jpg,Canon i-SENSYS LBP223DW,12540,Ebox24.biz
https://s.ek.ua/jpg/508956.jpg,Brother HL-1223WR,6299,Megadom.biz
https://s.ek.ua/jpg/1618219.jpg,HP Laser 107W,8954,Tviy-Dim.com
https://s.ek.ua/jpg/1618219.jpg,HP Laser 107W,7150,Tehnopostavka.com.ua
https://s.ek.ua/jpg/2415617.jpg,Epson L18050,34064,Click24.in.ua
https://s.ek.ua/jpg/2415617.jpg,Epson L18050,34064,click24.biz
https://s.ek.ua/jpg/2415617.jpg,Epson L18050,34408,Ebox24.biz
https://s.ek.ua/jpg/2415617.jpg,Epson L18050,44528,Ebox24.biz
https://s.ek.ua/jpg/2375105.jpg,Canon i-SENSYS LBP631CW,10196,Tviy-Dim.com
https://s.ek.ua/jpg/2375105.jpg,Canon i-SENSYS LBP631CW,12110,Click24.in.ua
https://s.ek.ua/jpg/508956.jpg,Brother HL-1223WR,7724,Tehnopostavka.com.ua
https://s.ek.ua/jpg/508956.jpg,Brother HL-1223WR,6999,Luxmedia.com.ua
https://s.ek.ua/jpg/508956.jpg,Brother HL-1223WR,6825,Openshop.ua
https://s.ek.ua/jpg/2415617.jpg,Epson L18050,43560,Ebox24.biz
https://s.ek.ua/jpg/2055993.jpg,Epson L121,5299,Kvshop.com.ua
https://s.ek.ua/jpg/2055993.jpg,Epson L121,5530,FOXTROT.UA
https://s.ek.ua/jpg/2055993.jpg,Epson L121,6750,Inksystem.ua
https://s.ek.ua/jpg/2375105.jpg,Canon i-SENSYS LBP631CW,12110,click24.biz
https://s.ek.ua/jpg/2375105.jpg,Canon i-SENSYS LBP631CW,12628,Redprice.prom.ua
https://s.ek.ua/jpg/2375105.jpg,Canon i-SENSYS LBP631CW,10373,Nkt.ua
https://s.ek.ua/jpg/508956.jpg,Brother HL-1223WR,5533,Denika.ua
https://s.ek.ua/jpg/508956.jpg,Brother HL-1223WR,8015,Click24.in.ua
https://s.ek.ua/jpg/2055993.jpg,Epson L121,5299,A-techno.com.ua
https://s.ek.ua/jpg/2055993.jpg,Epson L121,5149,Stylus.ua
https://s.ek.ua/jpg/2055993.jpg,Epson L121,5149,Цифра
https://s.ek.ua/jpg/2055993.jpg,Epson L121,5299,TTT.ua
https://s.ek.ua/jpg/2147574.jpg,HP LaserJet M209DW,6999,Stylus.ua
https://s.ek.ua/jpg/2147574.jpg,HP LaserJet M209DW,6899,Цифра
https://s.ek.ua/jpg/2147574.jpg,HP LaserJet M209DW,6990,Megadom.biz
https://s.ek.ua/jpg/508956.jpg,Brother HL-1223WR,8015,click24.biz
https://s.ek.ua/jpg/246323.jpg,Epson WorkForce WF-2010W,4550,Tehnopostavka.com.ua
https://s.ek.ua/jpg/1694582.jpg,Canon i-SENSYS LBP226DW,10450,Tehnopostavka.com.ua
https://s.ek.ua/jpg/1694582.jpg,Canon i-SENSYS LBP226DW,9818,Smartmag.biz.ua
https://s.ek.ua/jpg/2147574.jpg,HP LaserJet M209DW,7327,Tviy-Dim.com
https://s.ek.ua/jpg/2147574.jpg,HP LaserJet M209DW,6350,Tehnopostavka.com.ua
https://s.ek.ua/jpg/246323.jpg,Epson WorkForce WF-2010W,4499,Texnoswit.com.ua
https://s.ek.ua/jpg/2415825.jpg,Canon PIXMA TS704A,4810,Ktc.ua
https://s.ek.ua/jpg/1694582.jpg,Canon i-SENSYS LBP226DW,9605,Openshop.ua
https://s.ek.ua/jpg/1694582.jpg,Canon i-SENSYS LBP226DW,13416,Click24.in.ua
https://s.ek.ua/jpg/1694582.jpg,Canon i-SENSYS LBP226DW,13416,click24.biz
https://s.ek.ua/jpg/1694582.jpg,Canon i-SENSYS LBP226DW,10042,Luckylink.kiev.ua
https://s.ek.ua/jpg/2147574.jpg,HP LaserJet M209DW,7299,Aligator.com.ua
https://s.ek.ua/jpg/2147574.jpg,HP LaserJet M209DW,6949,Enko.com.ua
https://s.ek.ua/jpg/753573.jpg,Epson L805,14019,Moyo.ua
https://s.ek.ua/jpg/2415825.jpg,Canon PIXMA TS704A,4810,АЛЛО
https://s.ek.ua/jpg/2415825.jpg,Canon PIXMA TS704A,4810,Notebooker.ua
https://s.ek.ua/jpg/1694582.jpg,Canon i-SENSYS LBP226DW,9999,Texnoswit.com.ua
https://s.ek.ua/jpg/2156628.jpg,Fujifilm Instax Link Wide,6799,Moyo.ua
https://s.ek.ua/jpg/753573.jpg,Epson L805,14019,Kvshop.com.ua
https://s.ek.ua/jpg/753573.jpg,Epson L805,16559,Inksystem.ua
https://s.ek.ua/jpg/753573.jpg,Epson L805,13703,Lucky-print.com.ua
https://s.ek.ua/jpg/2415825.jpg,Canon PIXMA TS704A,4222,Click.ua
https://s.ek.ua/jpg/2415825.jpg,Canon PIXMA TS704A,4222,ШО
https://s.ek.ua/jpg/2415825.jpg,Canon PIXMA TS704A,4810,Comtrade.ua
https://s.ek.ua/jpg/2415825.jpg,Canon PIXMA TS704A,4810,SellPoint
https://s.ek.ua/jpg/616348.jpg,Canon PIXMA IX6850,10499,Megadom.biz
https://s.ek.ua/jpg/2156628.jpg,Fujifilm Instax Link Wide,6799,Kvshop.com.ua
https://s.ek.ua/jpg/2156628.jpg,Fujifilm Instax Link Wide,6799,TTT.ua
https://s.ek.ua/jpg/753573.jpg,Epson L805,12768,A-techno.com.ua
https://s.ek.ua/jpg/753573.jpg,Epson L805,12499,Protsyk.net
https://s.ek.ua/jpg/753573.jpg,Epson L805,13391,Palladium.ua
https://s.ek.ua/jpg/539545.jpg,Pantum P2207,4560,Moyo.ua
https://s.ek.ua/jpg/539545.jpg,Pantum P2207,4638,Kvshop.com.ua
https://s.ek.ua/jpg/539545.jpg,Pantum P2207,4292,A-techno.com.ua
https://s.ek.ua/jpg/539545.jpg,Pantum P2207,4391,Palladium.ua
https://s.ek.ua/jpg/616348.jpg,Canon PIXMA IX6850,11456,Click24.in.ua
https://s.ek.ua/jpg/616348.jpg,Canon PIXMA IX6850,11456,click24.biz
https://s.ek.ua/jpg/2156628.jpg,Fujifilm Instax Link Wide,6799,Ktc.ua
https://s.ek.ua/jpg/2156628.jpg,Fujifilm Instax Link Wide,6425,Enko.com.ua
https://s.ek.ua/jpg/2156628.jpg,Fujifilm Instax Link Wide,7479,Tviy-Dim.com
https://s.ek.ua/jpg/2156628.jpg,Fujifilm Instax Link Wide,6799,Portativ.ua
https://s.ek.ua/jpg/1376883.jpg,Kyocera ECOSYS P6230CDN,18066,Kvshop.com.ua
https://s.ek.ua/jpg/539545.jpg,Pantum P2207,4177,Stylus.ua
https://s.ek.ua/jpg/539545.jpg,Pantum P2207,4080,Цифра
https://s.ek.ua/jpg/539545.jpg,Pantum P2207,4560,TTT.ua
https://s.ek.ua/jpg/2233628.jpg,Brother HL-L2350DW,6080,Tviy-Dim.com
https://s.ek.ua/jpg/2233628.jpg,Brother HL-L2350DW,5739,Enko.com.ua
https://s.ek.ua/jpg/2233628.jpg,Brother HL-L2350DW,8233,click24.biz
https://s.ek.ua/jpg/2233628.jpg,Brother HL-L2350DW,8233,Click24.in.ua
https://s.ek.ua/jpg/616348.jpg,Canon PIXMA IX6850,12968,Redprice.prom.ua
https://s.ek.ua/jpg/616348.jpg,Canon PIXMA IX6850,11968,Ebox24.biz
https://s.ek.ua/jpg/616348.jpg,Canon PIXMA IX6850,9918,Denika.ua
https://s.ek.ua/jpg/1376883.jpg,Kyocera ECOSYS P6230CDN,16487,A-techno.com.ua
https://s.ek.ua/jpg/1376883.jpg,Kyocera ECOSYS P6230CDN,16299,Stylus.ua
https://s.ek.ua/jpg/2233628.jpg,Brother HL-L2350DW,5774,Luckylink.kiev.ua
https://s.ek.ua/jpg/2233628.jpg,Brother HL-L2350DW,6489,Mta.ua
https://s.ek.ua/jpg/616348.jpg,Canon PIXMA IX6850,16016,Ebox24.biz
https://s.ek.ua/jpg/1618211.jpg,HP Laser 107A,7531,Kvshop.com.ua
https://s.ek.ua/jpg/1618211.jpg,HP Laser 107A,7234,FOXTROT.UA
https://s.ek.ua/jpg/1376883.jpg,Kyocera ECOSYS P6230CDN,15999,Цифра
https://s.ek.ua/jpg/1376883.jpg,Kyocera ECOSYS P6230CDN,16146,Enko.com.ua
https://s.ek.ua/jpg/2233628.jpg,Brother HL-L2350DW,8316,Ebox24.biz
https://s.ek.ua/jpg/1618211.jpg,HP Laser 107A,7733,A-techno.com.ua
https://s.ek.ua/jpg/1618211.jpg,HP Laser 107A,6999,Protsyk.net
https://s.ek.ua/jpg/1618211.jpg,HP Laser 107A,7018,Stylus.ua
https://s.ek.ua/jpg/1376883.jpg,Kyocera ECOSYS P6230CDN,16921,Q-techno.com.ua
https://s.ek.ua/jpg/1376883.jpg,Kyocera ECOSYS P6230CDN,15999,Brain.com.ua
https://s.ek.ua/jpg/622420.jpg,DNP DS-80,6316,click24.biz
https://s.ek.ua/jpg/2199472.jpg,Canon PIXMA TS205,3050,Redprice.prom.ua
https://s.ek.ua/jpg/2199472.jpg,Canon PIXMA TS205,2541,Denika.ua
https://s.ek.ua/jpg/2199472.jpg,Canon PIXMA TS205,3050,Saren.com.ua
https://s.ek.ua/jpg/2199472.jpg,Canon PIXMA TS205,3056,Timesport.com.ua
https://s.ek.ua/jpg/2199472.jpg,Canon PIXMA TS205,3053,Tomdom.prom.ua
https://s.ek.ua/jpg/1618211.jpg,HP Laser 107A,6617,Цифра
https://s.ek.ua/jpg/622420.jpg,DNP DS-80,6316,Click24.in.ua
https://s.ek.ua/jpg/2200757.jpg,Epson L1210,6704,Stylus.ua
https://s.ek.ua/jpg/1618211.jpg,HP Laser 107A,7403,TTT.ua
https://s.ek.ua/jpg/622420.jpg,DNP DS-80,6380,Ebox24.biz
https://s.ek.ua/jpg/1610057.jpg,HP Color LaserJet Pro M454DW,19998,Kvshop.com.ua
https://s.ek.ua/jpg/1610057.jpg,HP Color LaserJet Pro M454DW,19124,FOXTROT.UA
https://s.ek.ua/jpg/2200757.jpg,Epson L1210,6509,Цифра
https://s.ek.ua/jpg/2200757.jpg,Epson L1210,6199,Megadom.biz
https://s.ek.ua/jpg/2200757.jpg,Epson L1210,6839,Smartmag.biz.ua
https://s.ek.ua/jpg/2375106.jpg,Canon i-SENSYS LBP633CDW,12981,Click24.in.ua
https://s.ek.ua/jpg/1610057.jpg,HP Color LaserJet Pro M454DW,17904,Stylus.ua
https://s.ek.ua/jpg/1610057.jpg,HP Color LaserJet Pro M454DW,17706,Цифра
https://s.ek.ua/jpg/1610057.jpg,HP Color LaserJet Pro M454DW,18925,TTT.ua
https://s.ek.ua/jpg/1610057.jpg,HP Color LaserJet Pro M454DW,20190,Megadom.biz
https://s.ek.ua/jpg/1610057.jpg,HP Color LaserJet Pro M454DW,18211,АЛЛО
https://s.ek.ua/jpg/2200757.jpg,Epson L1210,5955,Tehnopostavka.com.ua
https://s.ek.ua/jpg/2200757.jpg,Epson L1210,6587,Openshop.ua
https://s.ek.ua/jpg/2375106.jpg,Canon i-SENSYS LBP633CDW,12981,click24.biz
https://s.ek.ua/jpg/2375106.jpg,Canon i-SENSYS LBP633CDW,18480,Ebox24.biz
https://s.ek.ua/jpg/2375106.jpg,Canon i-SENSYS LBP633CDW,11998,Optsklad.com
https://s.ek.ua/jpg/2375106.jpg,Canon i-SENSYS LBP633CDW,11999,Lawyer
https://s.ek.ua/jpg/2375106.jpg,Canon i-SENSYS LBP633CDW,13112,Ebox24.biz
https://s.ek.ua/jpg/2375106.jpg,Canon i-SENSYS LBP633CDW,14696,Ebox24.biz
https://s.ek.ua/jpg/1376511.jpg,Epson Expression Photo HD XP-15000,17300,Tehnopostavka.com.ua
https://s.ek.ua/jpg/514132.jpg,HP OfficeJet 6230,4729,Inksystem.ua
https://s.ek.ua/jpg/514132.jpg,HP OfficeJet 6230,5247,Saren.com.ua
https://s.ek.ua/jpg/820890.jpg,Canon i-SENSYS LBP710CX,27486,click24.biz
https://s.ek.ua/jpg/820890.jpg,Canon i-SENSYS LBP710CX,27486,Click24.in.ua
https://s.ek.ua/jpg/820890.jpg,Canon i-SENSYS LBP710CX,56716,Ebox24.biz
https://s.ek.ua/jpg/2200757.jpg,Epson L1210,6659,Denika.ua
https://s.ek.ua/jpg/2199810.jpg,Canon i-SENSYS LBP236DW,11914,Kvshop.com.ua
https://s.ek.ua/jpg/1376511.jpg,Epson Expression Photo HD XP-15000,17860,Click24.in.ua
https://s.ek.ua/jpg/820890.jpg,Canon i-SENSYS LBP710CX,9918,Denika.ua
https://s.ek.ua/jpg/820890.jpg,Canon i-SENSYS LBP710CX,27764,Ebox24.biz
https://s.ek.ua/jpg/2199810.jpg,Canon i-SENSYS LBP236DW,10299,Protsyk.net
https://s.ek.ua/jpg/2199810.jpg,Canon i-SENSYS LBP236DW,12075,Stylus.ua
https://s.ek.ua/jpg/2199810.jpg,Canon i-SENSYS LBP236DW,12075,Цифра
https://s.ek.ua/jpg/2199810.jpg,Canon i-SENSYS LBP236DW,11481,АЛЛО
https://s.ek.ua/jpg/1376511.jpg,Epson Expression Photo HD XP-15000,17860,click24.biz
https://s.ek.ua/jpg/1376511.jpg,Epson Expression Photo HD XP-15000,15427,Denika.ua
https://s.ek.ua/jpg/2199809.jpg,Canon i-SENSYS LBP233DW,9749,Protsyk.net
https://s.ek.ua/jpg/2199809.jpg,Canon i-SENSYS LBP233DW,9700,Megadom.biz
https://s.ek.ua/jpg/2199809.jpg,Canon i-SENSYS LBP233DW,9768,Tehnopostavka.com.ua
https://s.ek.ua/jpg/2199809.jpg,Canon i-SENSYS LBP233DW,11658,Q-techno.com.ua
https://s.ek.ua/jpg/2199810.jpg,Canon i-SENSYS LBP236DW,12299,Ktc.ua
https://s.ek.ua/jpg/2199810.jpg,Canon i-SENSYS LBP236DW,10891,Enko.com.ua
https://s.ek.ua/jpg/1826803.jpg,Canon PIXMA TR150,15834,Moyo.ua
https://s.ek.ua/jpg/1376511.jpg,Epson Expression Photo HD XP-15000,16500,Texnoswit.com.ua
https://s.ek.ua/jpg/2199809.jpg,Canon i-SENSYS LBP233DW,11848,Click24.in.ua
https://s.ek.ua/jpg/1826803.jpg,Canon PIXMA TR150,20211,Kvshop.com.ua
https://s.ek.ua/jpg/1826803.jpg,Canon PIXMA TR150,19129,FOXTROT.UA
https://s.ek.ua/jpg/1826803.jpg,Canon PIXMA TR150,18352,A-techno.com.ua
https://s.ek.ua/jpg/1826803.jpg,Canon PIXMA TR150,18163,Stylus.ua
https://s.ek.ua/jpg/1826803.jpg,Canon PIXMA TR150,17966,Цифра
https://s.ek.ua/jpg/1376511.jpg,Epson Expression Photo HD XP-15000,15469,Saren.com.ua
https://s.ek.ua/jpg/1376511.jpg,Epson Expression Photo HD XP-15000,21252,Ebox24.biz
https://s.ek.ua/jpg/2199809.jpg,Canon i-SENSYS LBP233DW,11848,click24.biz
https://s.ek.ua/jpg/2199809.jpg,Canon i-SENSYS LBP233DW,10599,Mta.ua
https://s.ek.ua/jpg/1826803.jpg,Canon PIXMA TR150,15864,TTT.ua
https://s.ek.ua/jpg/2423893.jpg,Canon PIXMA TS705A,5004,Tehnopostavka.com.ua
https://s.ek.ua/jpg/2233699.jpg,Epson WorkForce WF-110W,13155,Click24.in.ua
https://s.ek.ua/jpg/2233699.jpg,Epson WorkForce WF-110W,13155,click24.biz
https://s.ek.ua/jpg/615469.jpg,Canon SELPHY CP1000,6578,click24.biz
https://s.ek.ua/jpg/615469.jpg,Canon SELPHY CP1000,6578,Click24.in.ua
https://s.ek.ua/jpg/2423893.jpg,Canon PIXMA TS705A,3497,Tomdom.prom.ua
https://s.ek.ua/jpg/2233699.jpg,Epson WorkForce WF-110W,13288,Ebox24.biz
https://s.ek.ua/jpg/615469.jpg,Canon SELPHY CP1000,6436,Saren.com.ua
https://s.ek.ua/jpg/615469.jpg,Canon SELPHY CP1000,6644,Ebox24.biz
https://s.ek.ua/jpg/615469.jpg,Canon SELPHY CP1000,6410,Timesport.com.ua
https://s.ek.ua/jpg/2423893.jpg,Canon PIXMA TS705A,5217,Denika.ua
https://s.ek.ua/jpg/2423893.jpg,Canon PIXMA TS705A,3494,Saren.com.ua
https://s.ek.ua/jpg/2233699.jpg,Epson WorkForce WF-110W,17644,Ebox24.biz
https://s.ek.ua/jpg/1536516.jpg,Canon PIXMA TS704,4810,Kvshop.com.ua
https://s.ek.ua/jpg/615469.jpg,Canon SELPHY CP1000,6407,Tomdom.prom.ua
https://s.ek.ua/jpg/615469.jpg,Canon SELPHY CP1000,6404,Redprice.prom.ua
https://s.ek.ua/jpg/2055994.jpg,Canon PIXMA PRO-200,26397,Click24.in.ua
https://s.ek.ua/jpg/2055994.jpg,Canon PIXMA PRO-200,26397,click24.biz
https://s.ek.ua/jpg/397266.jpg,Epson L1300,26365,Moyo.ua
https://s.ek.ua/jpg/1536516.jpg,Canon PIXMA TS704,4848,FOXTROT.UA
https://s.ek.ua/jpg/1536516.jpg,Canon PIXMA TS704,4584,Stylus.ua
https://s.ek.ua/jpg/2055994.jpg,Canon PIXMA PRO-200,26664,Ebox24.biz
https://s.ek.ua/jpg/2055994.jpg,Canon PIXMA PRO-200,33880,Ebox24.biz
https://s.ek.ua/jpg/1792397.jpg,Pantum P2500NW,5244,Moyo.ua
https://s.ek.ua/jpg/1792397.jpg,Pantum P2500NW,5244,Kvshop.com.ua
https://s.ek.ua/jpg/1792397.jpg,Pantum P2500NW,5244,FOXTROT.UA
https://s.ek.ua/jpg/397266.jpg,Epson L1300,26365,Kvshop.com.ua
https://s.ek.ua/jpg/397266.jpg,Epson L1300,25369,A-techno.com.ua
https://s.ek.ua/jpg/1536516.jpg,Canon PIXMA TS704,4490,Цифра
https://s.ek.ua/jpg/1792397.jpg,Pantum P2500NW,4255,Stylus.ua
https://s.ek.ua/jpg/1792397.jpg,Pantum P2500NW,4255,Цифра
https://s.ek.ua/jpg/1792397.jpg,Pantum P2500NW,5244,Repka.ua
https://s.ek.ua/jpg/397266.jpg,Epson L1300,26592,Stylus.ua
https://s.ek.ua/jpg/397266.jpg,Epson L1300,26339,Цифра
https://s.ek.ua/jpg/1536516.jpg,Canon PIXMA TS704,4395,Tviy-Dim.com
https://s.ek.ua/jpg/1536516.jpg,Canon PIXMA TS704,4319,Aligator.com.ua
https://s.ek.ua/jpg/1536516.jpg,Canon PIXMA TS704,4487,Enko.com.ua
https://s.ek.ua/jpg/1792397.jpg,Pantum P2500NW,5244,Ktc.ua
https://s.ek.ua/jpg/2200668.jpg,Canon MAXIFY GX5040,20499,Kvshop.com.ua
https://s.ek.ua/jpg/2200668.jpg,Canon MAXIFY GX5040,20499,FOXTROT.UA
https://s.ek.ua/jpg/2200668.jpg,Canon MAXIFY GX5040,20499,Ktc.ua
https://s.ek.ua/jpg/397266.jpg,Epson L1300,26365,TTT.ua
https://s.ek.ua/jpg/397266.jpg,Epson L1300,26365,Repka.ua
https://s.ek.ua/jpg/1238657.jpg,Canon SELPHY CP1300,5599,Moyo.ua
https://s.ek.ua/jpg/539552.jpg,Pantum P2500W,5054,Moyo.ua
https://s.ek.ua/jpg/2200668.jpg,Canon MAXIFY GX5040,16935,Megadom.biz
https://s.ek.ua/jpg/2200668.jpg,Canon MAXIFY GX5040,20499,АЛЛО
https://s.ek.ua/jpg/1238657.jpg,Canon SELPHY CP1300,6342,Kvshop.com.ua
https://s.ek.ua/jpg/1238657.jpg,Canon SELPHY CP1300,5999,FOXTROT.UA
https://s.ek.ua/jpg/539552.jpg,Pantum P2500W,5054,Kvshop.com.ua
https://s.ek.ua/jpg/539552.jpg,Pantum P2500W,4532,A-techno.com.ua
https://s.ek.ua/jpg/539552.jpg,Pantum P2500W,4746,Palladium.ua
https://s.ek.ua/jpg/2200668.jpg,Canon MAXIFY GX5040,21159,Tviy-Dim.com
https://s.ek.ua/jpg/2200668.jpg,Canon MAXIFY GX5040,18999,Aligator.com.ua
https://s.ek.ua/jpg/1238657.jpg,Canon SELPHY CP1300,5830,A-techno.com.ua
https://s.ek.ua/jpg/1238657.jpg,Canon SELPHY CP1300,6411,Palladium.ua
https://s.ek.ua/jpg/1238657.jpg,Canon SELPHY CP1300,5599,Repka.ua
https://s.ek.ua/jpg/539552.jpg,Pantum P2500W,5067,Цифра
https://s.ek.ua/jpg/539552.jpg,Pantum P2500W,5067,Stylus.ua
https://s.ek.ua/jpg/1560043.jpg,Epson L1110,8233,Click24.in.ua
https://s.ek.ua/jpg/1560043.jpg,Epson L1110,8316,Ebox24.biz
https://s.ek.ua/jpg/1238657.jpg,Canon SELPHY CP1300,5999,Ktc.ua
https://s.ek.ua/jpg/1975502.jpg,Canon PIXMA G1420,6999,Moyo.ua
https://s.ek.ua/jpg/539552.jpg,Pantum P2500W,5054,TTT.ua
https://s.ek.ua/jpg/914763.jpg,HP OfficeJet 202 Mobile,16499,Moyo.ua
https://s.ek.ua/jpg/1560043.jpg,Epson L1110,6679,Ady.com.ua
https://s.ek.ua/jpg/2256668.jpg,Canon i-SENSYS LBP673CDW,16594,Kvshop.com.ua
https://s.ek.ua/jpg/1975502.jpg,Canon PIXMA G1420,7399,Kvshop.com.ua
https://s.ek.ua/jpg/1975502.jpg,Canon PIXMA G1420,6999,FOXTROT.UA
https://s.ek.ua/jpg/1975502.jpg,Canon PIXMA G1420,6793,A-techno.com.ua
https://s.ek.ua/jpg/914763.jpg,HP OfficeJet 202 Mobile,16499,FOXTROT.UA
https://s.ek.ua/jpg/914763.jpg,HP OfficeJet 202 Mobile,15292,A-techno.com.ua
https://s.ek.ua/jpg/914763.jpg,HP OfficeJet 202 Mobile,16283,Stylus.ua
https://s.ek.ua/jpg/2256668.jpg,Canon i-SENSYS LBP673CDW,15299,Stylus.ua
https://s.ek.ua/jpg/1975502.jpg,Canon PIXMA G1420,6704,Stylus.ua
https://s.ek.ua/jpg/1975502.jpg,Canon PIXMA G1420,6607,Цифра
https://s.ek.ua/jpg/914763.jpg,HP OfficeJet 202 Mobile,16283,Цифра
https://s.ek.ua/jpg/914763.jpg,HP OfficeJet 202 Mobile,16499,TTT.ua
https://s.ek.ua/jpg/914763.jpg,HP OfficeJet 202 Mobile,16499,Repka.ua
https://s.ek.ua/jpg/2256668.jpg,Canon i-SENSYS LBP673CDW,14999,Цифра
https://s.ek.ua/jpg/2256668.jpg,Canon i-SENSYS LBP673CDW,17999,Ktc.ua
https://s.ek.ua/jpg/1975502.jpg,Canon PIXMA G1420,6999,TTT.ua
https://s.ek.ua/jpg/1376497.jpg,Brother HL-L2312D,5790,Megadom.biz
https://s.ek.ua/jpg/1961162.jpg,Polaroid Hi-Print,4908,Stylus.ua
https://s.ek.ua/jpg/1961162.jpg,Polaroid Hi-Print,4018,Timesport.com.ua
https://s.ek.ua/jpg/2256668.jpg,Canon i-SENSYS LBP673CDW,17999,АЛЛО
https://s.ek.ua/jpg/2256668.jpg,Canon i-SENSYS LBP673CDW,15874,Tviy-Dim.com
https://s.ek.ua/jpg/2256668.jpg,Canon i-SENSYS LBP673CDW,14930,Tehnopostavka.com.ua
https://s.ek.ua/jpg/1376497.jpg,Brother HL-L2312D,5046,Timesport.com.ua
https://s.ek.ua/jpg/1376497.jpg,Brother HL-L2312D,5092,Avic.ua
https://s.ek.ua/jpg/1961162.jpg,Polaroid Hi-Print,5249,Zhuk.ua
https://s.ek.ua/jpg/1961162.jpg,Polaroid Hi-Print,3722,Denika.ua
https://s.ek.ua/jpg/1164077.jpg,Epson Expression Photo XP-55,7579,click24.biz
https://s.ek.ua/jpg/1376497.jpg,Brother HL-L2312D,8008,Ebox24.biz
https://s.ek.ua/jpg/1376497.jpg,Brother HL-L2312D,5046,Denika.ua
https://s.ek.ua/jpg/1961162.jpg,Polaroid Hi-Print,5039,Timesport.com.ua
https://s.ek.ua/jpg/1961162.jpg,Polaroid Hi-Print,4015,Tomdom.prom.ua
https://s.ek.ua/jpg/1164077.jpg,Epson Expression Photo XP-55,7579,Click24.in.ua
https://s.ek.ua/jpg/1164077.jpg,Epson Expression Photo XP-55,7656,Ebox24.biz
https://s.ek.ua/jpg/2255845.jpg,Kyocera ECOSYS PA2100CWX,12399,Kvshop.com.ua
https://s.ek.ua/jpg/2255845.jpg,Kyocera ECOSYS PA2100CWX,14520,FOXTROT.UA
https://s.ek.ua/jpg/1376497.jpg,Brother HL-L2312D,5040,Optgo.com.ua
https://s.ek.ua/jpg/1376497.jpg,Brother HL-L2312D,5043,Tomdom.prom.ua
https://s.ek.ua/jpg/1322390.jpg,Canon PIXMA G1410,6899,Kvshop.com.ua
https://s.ek.ua/jpg/1322390.jpg,Canon PIXMA G1410,6699,A-techno.com.ua
https://s.ek.ua/jpg/1322390.jpg,Canon PIXMA G1410,6412,Stylus.ua
https://s.ek.ua/jpg/1322390.jpg,Canon PIXMA G1410,6315,Цифра
https://s.ek.ua/jpg/1322390.jpg,Canon PIXMA G1410,6795,АЛЛО
https://s.ek.ua/jpg/1322390.jpg,Canon PIXMA G1410,6717,Tehnopostavka.com.ua
https://s.ek.ua/jpg/1961162.jpg,Polaroid Hi-Print,5036,Tomdom.prom.ua
https://s.ek.ua/jpg/1510369.jpg,Canon Zoemini PV123,3333,Moyo.ua
https://s.ek.ua/jpg/1510369.jpg,Canon Zoemini PV123,3333,Repka.ua
https://s.ek.ua/jpg/1510369.jpg,Canon Zoemini PV123,3333,Sokol.ua
https://s.ek.ua/jpg/1510369.jpg,Canon Zoemini PV123,6490,click24.biz
https://s.ek.ua/jpg/2255845.jpg,Kyocera ECOSYS PA2100CWX,11904,Stylus.ua
https://s.ek.ua/jpg/2255845.jpg,Kyocera ECOSYS PA2100CWX,11805,Цифра
https://s.ek.ua/jpg/2255845.jpg,Kyocera ECOSYS PA2100CWX,12018,Ktc.ua
https://s.ek.ua/jpg/1322390.jpg,Canon PIXMA G1410,6295,Enko.com.ua
https://s.ek.ua/jpg/2233710.jpg,Xerox B230,9082,Moyo.ua
https://s.ek.ua/jpg/2233710.jpg,Xerox B230,9082,Kvshop.com.ua
https://s.ek.ua/jpg/2233710.jpg,Xerox B230,8064,Stylus.ua
https://s.ek.ua/jpg/1510369.jpg,Canon Zoemini PV123,6490,Click24.in.ua
https://s.ek.ua/jpg/1510369.jpg,Canon Zoemini PV123,4515,Mta.ua
https://s.ek.ua/jpg/2255845.jpg,Kyocera ECOSYS PA2100CWX,13030,Tviy-Dim.com
https://s.ek.ua/jpg/2255845.jpg,Kyocera ECOSYS PA2100CWX,11899,Aligator.com.ua
https://s.ek.ua/jpg/1610055.jpg,HP Color LaserJet Pro M454DN,18751,Цифра
https://s.ek.ua/jpg/1610055.jpg,HP Color LaserJet Pro M454DN,19244,Stylus.ua
https://s.ek.ua/jpg/2233710.jpg,Xerox B230,7967,Цифра
https://s.ek.ua/jpg/2233710.jpg,Xerox B230,5999,Megadom.biz
https://s.ek.ua/jpg/2233710.jpg,Xerox B230,9082,Repka.ua
https://s.ek.ua/jpg/2233710.jpg,Xerox B230,9081,Ktc.ua
https://s.ek.ua/jpg/1510369.jpg,Canon Zoemini PV123,3999,COMFY.ua
https://s.ek.ua/jpg/1393222.jpg,Brother PJ-722,18252,Click24.in.ua
https://s.ek.ua/jpg/1610055.jpg,HP Color LaserJet Pro M454DN,19199,Megadom.biz
https://s.ek.ua/jpg/1393222.jpg,Brother PJ-722,18252,click24.biz
https://s.ek.ua/jpg/1393222.jpg,Brother PJ-722,22005,Redprice.prom.ua
https://s.ek.ua/jpg/1393222.jpg,Brother PJ-722,18436,Ebox24.biz
https://s.ek.ua/jpg/1610055.jpg,HP Color LaserJet Pro M454DN,23439,Ktc.ua
https://s.ek.ua/jpg/1610055.jpg,HP Color LaserJet Pro M454DN,19610,Tehnopostavka.com.ua
https://s.ek.ua/jpg/1610055.jpg,HP Color LaserJet Pro M454DN,22915,Enko.com.ua
https://s.ek.ua/jpg/1610055.jpg,HP Color LaserJet Pro M454DN,19292,Smartmag.biz.ua
https://s.ek.ua/jpg/1393222.jpg,Brother PJ-722,25432,Ebox24.biz
https://s.ek.ua/jpg/1393222.jpg,Brother PJ-722,29656,Ebox24.biz
